language,uses
python,job
c,side project
javascript,side project
c,job
python,job
python,job
javascript,job
c,side project
python,job
javascript,job
c,side project
javascript,job
c,job
python,job
python,job
python,side project
javascript,job
c,job
c,job
python,job
javascript,side project
c,side project
python,job
python,side project
javascript,job
c,side project
javascript,job
c,job
python,side project
javascript,job
c,side project
python,job
python,job
c,job
javascript,job
javascript,job
c,side project
python,job
python,job
javascript,job
c,side project
python,job
c,job
javascript,side project
python,side project
python,job
c,job
javascript,job
javascript,job
c,job